attacker,L,enrollment_speakers,curve_type,singling_out_mean,singling_out_std,chance
original,1,30,orig,0.569010101010101,0.0,0.37
original,1,100,orig,0.5032323232323233,0.0,0.37
original,1,200,orig,0.4708282828282828,0.0,0.37
original,1,400,orig,0.4495757575757576,0.0,0.37
original,1,800,orig,0.4294141414141414,0.0,0.37
original,1,1600,orig,0.40634343434343434,0.0,0.37
original,1,3200,orig,0.38602020202020204,0.0,0.37
original,1,6400,orig,0.38181818181818183,0.0,0.37
original,1,12800,orig,0.377010101010101,0.0,0.37
original,1,22015,orig,0.3575757575757576,0.0,0.37
IGNORANT,1,30,anon,0.3592727272727273,0.0,0.37
IGNORANT,1,100,anon,0.3542626262626263,0.0,0.37
IGNORANT,1,200,anon,0.35543434343434344,0.0,0.37
IGNORANT,1,400,anon,0.3506666666666667,0.0,0.37
IGNORANT,1,800,anon,0.34905050505050506,0.0,0.37
IGNORANT,1,1600,anon,0.34193939393939393,0.0,0.37
IGNORANT,1,3200,anon,0.34654545454545455,0.0,0.37
IGNORANT,1,6400,anon,0.3503030303030303,0.0,0.37
IGNORANT,1,12800,anon,0.34484848484848485,0.0,0.37
IGNORANT,1,22015,anon,0.37575757575757573,0.0,0.37
SEMI-INFORMED,1,30,anon,0.37272727272727274,0.0,0.37
SEMI-INFORMED,1,100,anon,0.3590707070707071,0.0,0.37
SEMI-INFORMED,1,200,anon,0.35668686868686866,0.0,0.37
SEMI-INFORMED,1,400,anon,0.3512727272727273,0.0,0.37
SEMI-INFORMED,1,800,anon,0.3455757575757576,0.0,0.37
SEMI-INFORMED,1,1600,anon,0.3498181818181818,0.0,0.37
SEMI-INFORMED,1,3200,anon,0.3469090909090909,0.0,0.37
SEMI-INFORMED,1,6400,anon,0.35288888888888886,0.0,0.37
SEMI-INFORMED,1,12800,anon,0.34965656565656567,0.0,0.37
SEMI-INFORMED,1,22015,anon,0.3393939393939394,0.0,0.37
INFORMED,1,30,anon,0.5257777777777778,0.0,0.37
INFORMED,1,100,anon,0.4653333333333333,0.0,0.37
INFORMED,1,200,anon,0.4328080808080808,0.0,0.37
INFORMED,1,400,anon,0.4118787878787879,0.0,0.37
INFORMED,1,800,anon,0.3906262626262626,0.0,0.37
INFORMED,1,1600,anon,0.38153535353535356,0.0,0.37
INFORMED,1,3200,anon,0.3633535353535354,0.0,0.37
INFORMED,1,6400,anon,0.3578181818181818,0.0,0.37
INFORMED,1,12800,anon,0.35983838383838385,0.0,0.37
INFORMED,1,22015,anon,0.3515151515151515,0.0,0.37
original,3,30,orig,0.8044848484848485,0.0,0.37
original,3,100,orig,0.7366464646464647,0.0,0.37
original,3,200,orig,0.6962020202020202,0.0,0.37
original,3,400,orig,0.6577777777777778,0.0,0.37
original,3,800,orig,0.6233939393939394,0.0,0.37
original,3,1600,orig,0.5892929292929293,0.0,0.37
original,3,3200,orig,0.5561212121212121,0.0,0.37
original,3,6400,orig,0.5251313131313131,0.0,0.37
original,3,12800,orig,0.5021414141414141,0.0,0.37
original,3,21935,orig,0.4808080808080808,0.0,0.37
IGNORANT,3,30,anon,0.35034343434343435,0.0,0.37
IGNORANT,3,100,anon,0.33094949494949494,0.0,0.37
IGNORANT,3,200,anon,0.32642424242424245,0.0,0.37
IGNORANT,3,400,anon,0.33296969696969697,0.0,0.37
IGNORANT,3,800,anon,0.3357979797979798,0.0,0.37
IGNORANT,3,1600,anon,0.3301414141414141,0.0,0.37
IGNORANT,3,3200,anon,0.34105050505050505,0.0,0.37
IGNORANT,3,6400,anon,0.3333333333333333,0.0,0.37
IGNORANT,3,12800,anon,0.338020202020202,0.0,0.37
IGNORANT,3,21935,anon,0.3373737373737374,0.0,0.37
SEMI-INFORMED,3,30,anon,0.3624646464646465,0.0,0.37
SEMI-INFORMED,3,100,anon,0.34185858585858586,0.0,0.37
SEMI-INFORMED,3,200,anon,0.3407676767676768,0.0,0.37
SEMI-INFORMED,3,400,anon,0.3396363636363636,0.0,0.37
SEMI-INFORMED,3,800,anon,0.3328888888888889,0.0,0.37
SEMI-INFORMED,3,1600,anon,0.3276767676767677,0.0,0.37
SEMI-INFORMED,3,3200,anon,0.32666666666666666,0.0,0.37
SEMI-INFORMED,3,6400,anon,0.33446464646464646,0.0,0.37
SEMI-INFORMED,3,12800,anon,0.3398787878787879,0.0,0.37
SEMI-INFORMED,3,21935,anon,0.34949494949494947,0.0,0.37
INFORMED,3,30,anon,0.7260606060606061,0.0,0.37
INFORMED,3,100,anon,0.6477575757575758,0.0,0.37
INFORMED,3,200,anon,0.599919191919192,0.0,0.37
INFORMED,3,400,anon,0.5608484848484848,0.0,0.37
INFORMED,3,800,anon,0.5218181818181818,0.0,0.37
INFORMED,3,1600,anon,0.4894545454545455,0.0,0.37
INFORMED,3,3200,anon,0.4537777777777778,0.0,0.37
INFORMED,3,6400,anon,0.4245656565656566,0.0,0.37
INFORMED,3,12800,anon,0.3861818181818182,0.0,0.37
INFORMED,3,21935,anon,0.37575757575757573,0.0,0.37
original,30,30,orig,0.9581818181818181,0.0,0.37
original,30,100,orig,0.9364848484848485,0.0,0.37
original,30,200,orig,0.9195555555555556,0.0,0.37
original,30,400,orig,0.9068282828282829,0.0,0.37
original,30,800,orig,0.8856969696969696,0.0,0.37
original,30,1600,orig,0.8694545454545455,0.0,0.37
original,30,3200,orig,0.8514343434343434,0.0,0.37
original,30,3443,orig,0.8505050505050505,0.0,0.37
IGNORANT,30,30,anon,0.42113131313131313,0.0,0.37
IGNORANT,30,100,anon,0.3768080808080808,0.0,0.37
IGNORANT,30,200,anon,0.35793939393939395,0.0,0.37
IGNORANT,30,400,anon,0.34614141414141414,0.0,0.37
IGNORANT,30,800,anon,0.33107070707070707,0.0,0.37
IGNORANT,30,1600,anon,0.3218989898989899,0.0,0.37
IGNORANT,30,3200,anon,0.3174949494949495,0.0,0.37
IGNORANT,30,3443,anon,0.3111111111111111,0.0,0.37
SEMI-INFORMED,30,30,anon,0.5198787878787878,0.0,0.37
SEMI-INFORMED,30,100,anon,0.4590707070707071,0.0,0.37
SEMI-INFORMED,30,200,anon,0.43393939393939396,0.0,0.37
SEMI-INFORMED,30,400,anon,0.4038787878787879,0.0,0.37
SEMI-INFORMED,30,800,anon,0.37535353535353533,0.0,0.37
SEMI-INFORMED,30,1600,anon,0.35797979797979795,0.0,0.37
SEMI-INFORMED,30,3200,anon,0.3557979797979798,0.0,0.37
SEMI-INFORMED,30,3443,anon,0.35353535353535354,0.0,0.37
INFORMED,30,30,anon,0.9867474747474747,0.0,0.37
INFORMED,30,100,anon,0.9757171717171718,0.0,0.37
INFORMED,30,200,anon,0.9649696969696969,0.0,0.37
INFORMED,30,400,anon,0.9519191919191919,0.0,0.37
INFORMED,30,800,anon,0.9322828282828283,0.0,0.37
INFORMED,30,1600,anon,0.9077575757575758,0.0,0.37
INFORMED,30,3200,anon,0.8778585858585859,0.0,0.37
INFORMED,30,3443,anon,0.8747474747474747,0.0,0.37
